{
  "DieOrg2RefPadX": 3414.291873649223,
  "DieOrg2RefPadY": -1194.1018235077208,
  "PadWidth": 106,
  "PadHeight": 106,
  "PadAngle": 0,
  "Pads": [
    {
      "PosX": 0,
      "PosY": 0
    }
  ]
}