{
  "DieOrg2RefPadX": 586.032734499744,
  "DieOrg2RefPadY": -428.0662537321332,
  "PadWidth": 106,
  "PadHeight": 106,
  "PadAngle": 0,
  "Pads": [
    {
      "PosX": 0,
      "PosY": 0
    }
  ]
}